{
  "comment": "A player places a shulker down to activate Decked Out",
  "criteria": {
    "requirement": {
      "trigger": "minecraft:placed_block",
      "conditions": {
        "location": [
          {
            "condition": "minecraft:location_check",
            "predicate": {
              "position": {
                "x": -564.5,
                "y": 114.5,
                "z": 1980.5
              }
            }
          },
          {
            "condition": "minecraft:match_tool",
            "predicate": {
              "item": {
                "tag": "decked_out:shulker_boxes"
              }
            }
          }
        ]
      }
    }
  },
  "rewards": {
    "function": "decked_out:check_initialize"
  }
}
