Card ID,First Lore,Second Lore,Card Name,Move Description,Trigger
20010,20011,20012,Water Bucket,"Stops burn. Can be used on active or AFK Hermits. Discard after use. 
Can also be attached to prevent burn. Discard after user is knocked out.","1
2"
20020,20021,20022,Milk Bucket,"Stops poison. Can be used on active or AFK Hermits. Discard after use. 
Can also be attached to prevent poison. Discard after user is knocked out.","3
4"
20030,20031,20032,Lava Bucket,"Burns opposing Hermit. Does an additional 20hp damager per turn until opponent is knocked out. 
Going AFK does not eliminate the burn.Discard after use.","5
6"
20040,20041,20042,Wolf,"Opponent takes 20hp damage every time user is attacked until user is knocked out. 
Discard after user is knocked out.","7
8"
20050,20051,20052,Shield,"Protects from the first 10hp damage taken. 
Discard following any damage taken.","9
10"
20060,20061,20062,Gold Armour,"Protects from the first 20hp damage taken. 
Discard following any damage taken.","11
12"
20070,20071,20072,Iron Armour,"Protects from the first 20hp damage taken. 
Discard after user is knocked out.","13
14"
20080,20081,20082,Diamond Armour,"Protects from the first 30hp damage taken. 
Discard after user is knocked out.","15
16"
20090,20091,20092,Netherite Armour,"Protects from the first 40hp damage taken. 
Discard after user is knocked out.","17
18"
20100,20101,20102,Golden Axe,"Does 40hp damage. Ignores any attached effect card. 
Discard after use.","19
20"
20110,20111,20112,Iron Sword,"Does 20hp damage to opposing Hermit. 
Discard after use.","21
22"
20120,20121,20122,Diamond Sword,"Does 40hp damage to opposing Hermit. 
Discard after use.","23
24"
20130,20131,20132,Netherite Sword,"Does 60hp damage to opposing Hermit. 
Discard after use.","25
26"
20140,20141,20142,TNT,"Does 60hp damage to opposing Hermit. Also does 20hp damage to user. 
Discard after use.","27
28"
20150,20151,20152,Crossbow,"Does 40hp damage to opposing Hermit and 10hp damage to AFK Hermit of player's choice. 
Discard after use.","29
30"
20160,20161,20162,Bow,"Does 40hp damage to opposing AFK Hermit. User chooses AFK Hermit. 
Discard after use.","31
32"
20170,20171,20172,Splash Potion of Poison,"Poisons the opposing Hermit. Does an additional 20hp damage per turn until 
opponent is knocked out. Going AFK does not eliminate the Poison. 
Discard after use.","33
34
35"
20180,20181,20182,Instant Health,"Heals 30hp. Can be used on active or AFK Hermits. 
Discard after use.","36
37"
20190,20191,20192,Instant Health II,"Heals 60hp. Can be used on active or AFK Hermits. 
Discard after use.","38
39"
20200,20201,20202,Splash Potion of Healing,"Heals player's active and AFK Hermits 20hp. 
Discard after use.","40
41"
20210,20211,20212,Invisibility,"Flip a coin. If heads, no damage is done on opponent's next turn.
 If tails, double damage is done. Discard after use.","42
43"
20220,20221,20222,Golden Apple,"Heals 100hp. Can be used on active or AFK Hermits. 
Discard after use.","44
45"
20230,20231,20232,Bed,"User sleeps for the next 2 turns. Can't attack. Restores full health. 
Can still draw and attach cards while sleeping. Can not go AFK while asleep. 
Discard when user wakes up.","46
47
48"
20240,20241,20242,Spyglass,"Opponent must reveal any 3 cards in their hand. 
Discard after use.","49
50"
20250,20251,20252,Composter,"Discard 2 cards in your hand. Draw 2. 
Discard after use.","51
52"
20260,20261,20262,Flint And Steel,"Discard your hand. Draw 3 cards. 
Discard after use.","53
54"
20270,20271,20272,Chest,"Look through your discard pile and select 1 card to return to your hand. 
Discard after use.","55
56"
20280,20281,20282,Fishing Rod,"Draw 2 cards from your deck. 
Discard after use.","57
58"
20290,20291,20292,Totem Of Undying,"Player recovers 10hp after being knocked out and remains in battle. 
Discard after use.","59
60"
20300,20301,20302,Lead,"Move 1 of your opponent's active Hermit item cards to any of their AFK Hermits. 
Receiving Hermit must have open item card slot. 
Discard after use.","61
62
63"
20310,20311,20312,Emerald,"Swap 1 effect card with opposing active Hermit. 
Discard after use.","64
65"
20320,20321,20322,Chorus Fruit,"Swap your active Hermit with AFK Hermit after attacking. 
Discard after use.","66
67"
20330,20331,20332,Clock,"Opponent skips their next turn. 
Discard after use.","68
69"
20340,20341,20342,Thorns,"Opposing Hermit takes 10hp damage after attack. 
Discard after user is knocked out.","70
71"
20350,20351,20352,Curse Of Vanishing,"Opponent is forced to discard their active Hermit's attached effect card. 
Discard after use.","72
73"
20360,20361,20362,Curse Of Binding,"Opposing active Hermit can not go AFK on the following turn. 
Discard after use.","74
75"
20370,20371,20372,Knockback,"Opposing Hermit goes AFK following user's attack. Opponent chooses replacement. 
Can only be used if opponent has at least 1 AFK Hermit. 
Discard after use.","76
77
78"
20380,20381,20382,Loyalty,"When the Hermit that this card is attached to is knocked out, user flips a coin. 
If heads, 1 of Hermit's attached item cards is chosen to return to user's hand. 
Discard after user is knocked out.","79
80
81"
20390,20391,20392,Efficiency,"User can execute attack without having the necessary item cards attached. Current turn only. 
Discard after use.","82
83"
20400,20401,20402,Looting,"Flip a coin. If heads, user picks 1 item card from opposing active Hermit and adds it to user's hand. 
Discard after use.","84
85"
20410,20411,20412,Mending,"When attached, user returns any ""single use"" card to their deck. 
Mending is then discarded.","86
87"
20420,20421,20422,Fortune,"Any coin flip necessary for user's attack are not needed and ""heads"" is assumed. 
Discard after use.","88
89"