Card ID,First Lore,Second Lore,Card Name,Move,Move Description,Trigger
10010,10011,10012,Bdubs,Shreep,"Player sleep for the next 2 turns. Can't attack. Restores full health. Can still draw and attach cards while sleeping. 
Can't be used consecutively. User can not go AFK while asleep.","90
91"
10020,10021,10022,Cubfan,Let's Go,"After attack, player can choose to swap with one of their AFK Hermits.",92
10030,10031,10032,Doc,World Eater,"Flip a coin. If heads, attack damage doubles. If tails, attack damage is halved.",93
10040,10041,10042,Etho,Blue Fire,"Flip a coin. If heads, this attack also burns the opponent. 
Does an additional 20hp damage per turn until opponent is knocked out. 
Going AFK does not eliminate the burn.","94
95
96"
10050,10051,10052,FALSE,Supremacy,"Flip a coin. If heads, 40hp is also restored to False.",97
10060,10061,10062,Gem,Geminislay,"Flip a coin. If heads, player can play an additional 
single use effect card to end their turn.","98
99"
10070,10071,10072,Grian,Borrow,"Flip a coin. If heads, user takes active opposing Hermit's attached effect card. 
User can then attach or discard card. If user already has effect card attached, 
opponent's effect card is discarded.","100
101
102"
10080,10081,10082,Hypno,Got 'Em,"Player can choose to attack opposing AFK Hermits. 
If AFK Hermit is attacked, attacking Hermit discards 1 attached item card.","103
104"
10090,10091,10092,Impulse,Boomer,"Does an additional 40hp damage for every AFK Boomer (Bdubs, Tango) 
up to a maximum of +80hp damage.","105
106"
10100,10101,10102,Iskall,Bird Poop,Does double damage versus builder types.,107
10110,10111,10112,Jevin,Peace Out,"After attack, opponent is forced to replace active Hermit with AFK Hermit. 
If there are no AFK Hermits, active Hermit remains in battle. Opponent picks Hermit.","108
109"
10120,10121,10122,Joe Hills,Time Skip,"Flip a coin. If heads, opponent skips next turn. 
""Time Skip"" can not be used consecutively if successful.","110
111"
10130,10131,10132,Keralis,Sweet Face,Heals any AFK Hermit +100hp. Can not be used consecutively.,112
10140,10141,10142,Mumbo,Quite Simple,"Flip a coin twice. +40 damage for every heads. Total damage doubles 
if at least 1 other Prankster type is AFK. If player does not roll heads at least once, 
the above does not apply.","113
114
115"
10150,10151,10152,Pearl,Aussie Ping,"Opponent flips a coin on their next turn. If heads, their attack misses. 
Opponent can not miss on consecutive turns.","116
117"
10160,10161,10162,Rendog,Role Play,Player mimics special move of the opposing active Hermit.,118
10170,10171,10172,Scar,Death Loop,"If player is knocked out the following turn, flip a coin. 
If heads, player is revived with 50hp. Can only be revived once.","119
120"
10180,10181,10182,Stress,Yolo,This attack instantly knocks out opposing active Hermit as well as the user.,121
10190,10191,10192,Tango,Extra Flee,"At the end of the turn, both player and opposing Hermit are replaced by AFK Hermits. 
Opponent must select replacement first. If there are no AFK Hermits, active Hermit remains in battle.","122
123"
10200,10201,10202,TFC,Branch Mine,"Flip a coin. If heads, player draws another card at the end of their turn.",124
10210,10211,10212,Beef,Beefy Tunes,"Flip a coin. If heads, this attack also removes all status effects 
from user's active and AFK Hermits.","125
126"
10220,10221,10222,Wels,Vengeance,"If user's HP is orange, move does +20hp damage. 
If user's HP is red, move does +50 damage.","127
128"
10230,10231,10232,xB,Noice,Move ignores any effect cards attached to opposing Hermits.,129
10240,10241,10242,Xisuma,Cup Of Tea,"Flip a coin. If heads, this attack poisons the opponent. 
Does an additional 20hp damage per turn until opponent is knocked out. 
Going AFK does not eliminate the poison.","130
131
132"
10250,10251,10252,Zedaph,Sheep Stare,"Flip a coin. If heads,opponent flips a coin on their next turn. 
If heads, opponent damages themselves.","133
134"
10260,10261,10262,Cleo,Puppetry,Player uses a move from any of their AFK Hermits.,135
10270,10271,10272,UR Beef,NHO,"If user has Doc, Bdubs and Etho as AFK, attack damage doubles.",136
10280,10281,10282,UR Etho,Slab,Flip a coin 3 times. Does an additional 20hp damage for every heads.,137
10290,10291,10292,UR TFC,Take It Easy,"Flip a coin. If heads, opponent is forced to discard effect card attached to active Hermit. 
Only 1 effect card per opposing Hermit can be discarded.","138
139"