{
    "model": {
        "type": "range_dispatch",
        "property": "custom_model_data",
        "fallback": {
            "type": "model",
            "model": "item/bundle"
        },
        "entries": [
            {
                "threshold": 0,
                "model": {
                    "type": "model",
                    "model": "item/bundle_filled"
                }
            },
            {
                "threshold": 1,
                "model": {
                    "type": "model",
                    "model": "custom:item/bundle/binder_empty"
                }
            },
            {
                "threshold": 1,
                "model": {
                    "type": "model",
                    "model": "custom:item/bundle/binder_full"
                }
            }
        ]
    }
}