{
    "model": {
        "type": "range_dispatch",
        "property": "custom_model_data",
        "fallback": {
            "type": "model",
            "model": "minecraft:block/carved_pumpkin"
        },
        "entries": [
            {
                "threshold": 1,
                "model": {
                    "type": "model",
                    "model": "custom:item/trophy_gold"
                }
            },
            {
                "threshold": 2,
                "model": {
                    "type": "model",
                    "model": "custom:item/trophy_s_gold"
                }
            },
            {
                "threshold": 3,
                "model": {
                    "type": "model",
                    "model": "custom:item/trophy_z_gold"
                }
            },
            {
                "threshold": 4,
                "model": {
                    "type": "model",
                    "model": "custom:item/trophy_copper"
                }
            },
            {
                "threshold": 5,
                "model": {
                    "type": "model",
                    "model": "custom:item/trophy_s_copper"
                }
            },
            {
                "threshold": 6,
                "model": {
                    "type": "model",
                    "model": "custom:item/trophy_z_copper"
                }
            },
            {
                "threshold": 7,
                "model": {
                    "type": "model",
                    "model": "custom:item/trophy_iron"
                }
            },
            {
                "threshold": 8,
                "model": {
                    "type": "model",
                    "model": "custom:item/trophy_s_iron"
                }
            },
            {
                "threshold": 9,
                "model": {
                    "type": "model",
                    "model": "custom:item/trophy_z_iron"
                }
            },
            {
                "threshold": 10,
                "model": {
                    "type": "model",
                    "model": "custom:item/scarears_minimal"
                }
            },
            {
                "threshold": 11,
                "model": {
                    "type": "model",
                    "model": "custom:item/scarears_hd"
                }
            },
            {
                "threshold": 12,
                "model": {
                    "type": "model",
                    "model": "custom:item/parkour_crown"
                }
            },
            {
                "threshold": 13,
                "model": {
                    "type": "model",
                    "model": "custom:item/trophy_ghost"
                }
            },
            {
                "threshold": 14,
                "model": {
                    "type": "model",
                    "model": "custom:item/trophy_s_ghost"
                }
            },
            {
                "threshold": 15,
                "model": {
                    "type": "model",
                    "model": "custom:item/trophy_z_ghost"
                }
            },
            {
                "threshold": 16,
                "model": {
                    "type": "model",
                    "model": "custom:item/creeper_walk_animation"
                }
            },
            {
                "threshold": 17,
                "model": {
                    "type": "model",
                    "model": "custom:item/creeper_exploding_animation"
                }
            },
            {
                "threshold": 18,
                "model": {
                    "type": "model",
                    "model": "custom:item/creeper_animated"
                }
            },
            {
                "threshold": 19,
                "model": {
                    "type": "model",
                    "model": "custom:item/creeper"
                }
            },
            {
                "threshold": 20,
                "model": {
                    "type": "model",
                    "model": "custom:item/egg/gold"
                }
            },
            {
                "threshold": 21,
                "model": {
                    "type": "model",
                    "model": "custom:item/egg/bdubs"
                }
            },
            {
                "threshold": 22,
                "model": {
                    "type": "model",
                    "model": "custom:item/egg/beef"
                }
            },
            {
                "threshold": 23,
                "model": {
                    "type": "model",
                    "model": "custom:item/egg/cleo"
                }
            },
            {
                "threshold": 24,
                "model": {
                    "type": "model",
                    "model": "custom:item/egg/cub"
                }
            },
            {
                "threshold": 25,
                "model": {
                    "type": "model",
                    "model": "custom:item/egg/docm"
                }
            },
            {
                "threshold": 26,
                "model": {
                    "type": "model",
                    "model": "custom:item/egg/false"
                }
            },
            {
                "threshold": 27,
                "model": {
                    "type": "model",
                    "model": "custom:item/egg/grian"
                }
            },
            {
                "threshold": 28,
                "model": {
                    "type": "model",
                    "model": "custom:item/egg/hypno"
                }
            },
            {
                "threshold": 29,
                "model": {
                    "type": "model",
                    "model": "custom:item/egg/impulse"
                }
            },
            {
                "threshold": 30,
                "model": {
                    "type": "model",
                    "model": "custom:item/egg/iskall"
                }
            },
            {
                "threshold": 31,
                "model": {
                    "type": "model",
                    "model": "custom:item/egg/jevin"
                }
            },
            {
                "threshold": 32,
                "model": {
                    "type": "model",
                    "model": "custom:item/egg/joe"
                }
            },
            {
                "threshold": 33,
                "model": {
                    "type": "model",
                    "model": "custom:item/egg/pearl"
                }
            },
            {
                "threshold": 34,
                "model": {
                    "type": "model",
                    "model": "custom:item/egg/scar"
                }
            },
            {
                "threshold": 35,
                "model": {
                    "type": "model",
                    "model": "custom:item/egg/stress"
                }
            },
            {
                "threshold": 36,
                "model": {
                    "type": "model",
                    "model": "custom:item/egg/wels"
                }
            },
            {
                "threshold": 37,
                "model": {
                    "type": "model",
                    "model": "custom:item/egg/xb"
                }
            },
            {
                "threshold": 38,
                "model": {
                    "type": "model",
                    "model": "custom:item/egg/xisuma"
                }
            },
            {
                "threshold": 39,
                "model": {
                    "type": "model",
                    "model": "custom:item/egg/zed"
                }
            },
            {
                "threshold": 40,
                "model": {
                    "type": "model",
                    "model": "custom:item/impulsebeard"
                }
            },
            {
                "threshold": 41,
                "model": {
                    "type": "model",
                    "model": "custom:item/bigskallhead"
                }
            },
            {
                "threshold": 42,
                "model": {
                    "type": "model",
                    "model": "custom:item/x_skull_helmet"
                }
            },
            {
                "threshold": 43,
                "model": {
                    "type": "model",
                    "model": "custom:item/scarhardhat"
                }
            },
            {
                "threshold": 44,
                "model": {
                    "type": "model",
                    "model": "custom:item/dunce_hat"
                }
            },
            {
                "threshold": 45,
                "model": {
                    "type": "model",
                    "model": "custom:item/mini_crown"
                }
            },
            {
                "threshold": 46,
                "model": {
                    "type": "model",
                    "model": "custom:item/tango_hood"
                }
            },
            {
                "threshold": 47,
                "model": {
                    "type": "model",
                    "model": "custom:item/dragon_bro"
                }
            },
            {
                "threshold": 48,
                "model": {
                    "type": "model",
                    "model": "custom:item/do/decked_out_door"
                }
            },
            {
                "threshold": 49,
                "model": {
                    "type": "model",
                    "model": "custom:item/stone_facade"
                }
            },
            {
                "threshold": 50,
                "model": {
                    "type": "model",
                    "model": "custom:item/wreath_model"
                }
            },
            {
                "threshold": 51,
                "model": {
                    "type": "model",
                    "model": "custom:item/x_skull_helmet_shards"
                }
            },
            {
                "threshold": 52,
                "model": {
                    "type": "model",
                    "model": "custom:item/jellie_ears_headband"
                }
            },
            {
                "threshold": 53,
                "model": {
                    "type": "model",
                    "model": "custom:item/jellie_hat"
                }
            },
            {
                "threshold": 54,
                "model": {
                    "type": "model",
                    "model": "custom:item/jellie_balloon"
                }
            },
            {
                "threshold": 55,
                "model": {
                    "type": "model",
                    "model": "custom:item/jellie_balloon_duo"
                }
            },
            {
                "threshold": 56,
                "model": {
                    "type": "model",
                    "model": "custom:item/pink_green_balloon"
                }
            },
            {
                "threshold": 57,
                "model": {
                    "type": "model",
                    "model": "custom:item/antlers"
                }
            },
            {
                "threshold": 58,
                "model": {
                    "type": "model",
                    "model": "custom:item/elfhat"
                }
            },
            {
                "threshold": 59,
                "model": {
                    "type": "model",
                    "model": "custom:item/santahat"
                }
            },
            {
                "threshold": 60,
                "model": {
                    "type": "model",
                    "model": "custom:item/bobafetthelmet"
                }
            },
            {
                "threshold": 61,
                "model": {
                    "type": "model",
                    "model": "custom:item/mandalorianhelmet"
                }
            },
            {
                "threshold": 62,
                "model": {
                    "type": "model",
                    "model": "custom:item/stormtrooper"
                }
            },
            {
                "threshold": 63,
                "model": {
                    "type": "model",
                    "model": "custom:item/yodaears"
                }
            },
            {
                "threshold": 64,
                "model": {
                    "type": "model",
                    "model": "custom:item/ezed_kniezed_helmet"
                }
            },
            {
                "threshold": 65,
                "model": {
                    "type": "model",
                    "model": "custom:item/tcgpyramid"
                }
            },
            {
                "threshold": 66,
                "model": {
                    "type": "model",
                    "model": "custom:item/tcg_prize_evilx"
                }
            },
            {
                "threshold": 67,
                "model": {
                    "type": "model",
                    "model": "custom:item/finaltrophy"
                }
            },
            {
                "threshold": 68,
                "model": {
                    "type": "model",
                    "model": "custom:item/tcg_trophy"
                }
            },
            {
                "threshold": 69,
                "model": {
                    "type": "model",
                    "model": "custom:item/hg/hg_1x2_calendar_hotguy"
                }
            },
            {
                "threshold": 70,
                "model": {
                    "type": "model",
                    "model": "custom:item/hg/hg_1x2_calendar_hotguy_signed"
                }
            },
            {
                "threshold": 71,
                "model": {
                    "type": "model",
                    "model": "custom:item/hg/hg_1x2_calendar_volley"
                }
            },
            {
                "threshold": 72,
                "model": {
                    "type": "model",
                    "model": "custom:item/hg/hg_1x2_calendar_volley_signed"
                }
            },
            {
                "threshold": 73,
                "model": {
                    "type": "model",
                    "model": "custom:item/hg/hg_2x2_photo"
                }
            },
            {
                "threshold": 74,
                "model": {
                    "type": "model",
                    "model": "custom:item/hg/hg_2x2_photo_signed"
                }
            },
            {
                "threshold": 75,
                "model": {
                    "type": "model",
                    "model": "custom:item/hg/hg_4x4_photo"
                }
            },
            {
                "threshold": 76,
                "model": {
                    "type": "model",
                    "model": "custom:item/hg/hg_4x4_photo_signed"
                }
            },
            {
                "threshold": 77,
                "model": {
                    "type": "model",
                    "model": "custom:item/basic_crown"
                }
            },
            {
                "threshold": 78,
                "model": {
                    "type": "model",
                    "model": "custom:item/mid_crown"
                }
            },
            {
                "threshold": 79,
                "model": {
                    "type": "model",
                    "model": "custom:item/mumbo_crown_purple"
                }
            },
            {
                "threshold": 80,
                "model": {
                    "type": "model",
                    "model": "custom:item/zed_shepherd"
                }
            },
            {
                "threshold": 81,
                "model": {
                    "type": "model",
                    "model": "custom:item/simulation_block"
                }
            },
            {
                "threshold": 82,
                "model": {
                    "type": "model",
                    "model": "custom:item/scarland_ticketbook"
                }
            },
            {
                "threshold": 83,
                "model": {
                    "type": "model",
                    "model": "custom:item/scarland_ticketbook_gold"
                }
            },
            {
                "threshold": 84,
                "model": {
                    "type": "model",
                    "model": "custom:item/pearl_hardhat"
                }
            },
            {
                "threshold": 85,
                "model": {
                    "type": "model",
                    "model": "custom:item/impulse_hardhat"
                }
            },
            {
                "threshold": 86,
                "model": {
                    "type": "model",
                    "model": "custom:item/do/deco/glyphblock"
                }
            },
            {
                "threshold": 87,
                "model": {
                    "type": "model",
                    "model": "custom:item/do/deco/glyphdoor"
                }
            },
            {
                "threshold": 88,
                "model": {
                    "type": "model",
                    "model": "custom:item/do/deco/glyphgatebarrier"
                }
            },
            {
                "threshold": 89,
                "model": {
                    "type": "model",
                    "model": "custom:item/do/deco/glyphblock2"
                }
            },
            {
                "threshold": 90,
                "model": {
                    "type": "model",
                    "model": "custom:item/ticket_person"
                }
            },
            {
                "threshold": 91,
                "model": {
                    "type": "model",
                    "model": "custom:item/do/yeti/yeti"
                }
            },
            {
                "threshold": 92,
                "model": {
                    "type": "model",
                    "model": "custom:item/do/deckedoutgifts/phasetrophy"
                }
            },
            {
                "threshold": 93,
                "model": {
                    "type": "model",
                    "model": "custom:item/do/deckedoutgifts/deathroomtrophy"
                }
            },
            {
                "threshold": 94,
                "model": {
                    "type": "model",
                    "model": "custom:item/ravager_running"
                }
            },
            {
                "threshold": 95,
                "model": {
                    "type": "model",
                    "model": "custom:item/ravager_all_head"
                }
            },
            {
                "threshold": 96,
                "model": {
                    "type": "model",
                    "model": "custom:item/ravager_model"
                }
            },
            {
                "threshold": 97,
                "model": {
                    "type": "model",
                    "model": "custom:item/do/yeti/yeti"
                }
            },
            {
                "threshold": 98,
                "model": {
                    "type": "model",
                    "model": "custom:item/do/deckedoutgifts/egg_hunter"
                }
            },
            {
                "threshold": 99,
                "model": {
                    "type": "model",
                    "model": "custom:item/do/crown/riddlecrown"
                }
            },
            {
                "threshold": 100,
                "model": {
                    "type": "model",
                    "model": "custom:item/gtwscar_pirate_hat"
                }
            },
            {
                "threshold": 101,
                "model": {
                    "type": "model",
                    "model": "custom:item/scarhat"
                }
            }
        ]
    }
}