{
    "model": {
        "type": "range_dispatch",
        "property": "custom_model_data",
        "fallback": {
            "type": "model",
            "model": "minecraft:item/golden_carrot"
        },
        "entries": [
            {
                "threshold": 1,
                "model": {
                    "type": "model",
                    "model": "custom:item/scarcookies2"
                }
            },
            {
                "threshold": 2,
                "model": {
                    "type": "model",
                    "model": "custom:item/jellie_pop"
                }
            },
            {
                "threshold": 3,
                "model": {
                    "type": "model",
                    "model": "custom:item/jellie_icecream_sandwich"
                }
            },
            {
                "threshold": 4,
                "model": {
                    "type": "model",
                    "model": "custom:item/scarland_popcorn"
                }
            },
            {
                "threshold": 5,
                "model": {
                    "type": "model",
                    "model": "custom:item/scarland_churro"
                }
            },
            {
                "threshold": 6,
                "model": {
                    "type": "model",
                    "model": "custom:item/scarland_slushie"
                }
            },
            {
                "threshold": 7,
                "model": {
                    "type": "model",
                    "model": "custom:item/scarland_slushie"
                }
            },
            {
                "threshold": 8,
                "model": {
                    "type": "model",
                    "model": "custom:item/scarland_slushie"
                }
            },
            {
                "threshold": 9,
                "model": {
                    "type": "model",
                    "model": "custom:item/scarpancakes"
                }
            },
            {
                "threshold": 10,
                "model": {
                    "type": "model",
                    "model": "custom:item/scarpancakeswsyrup"
                }
            }
        ]
    }
}